line;sha256
1;jyucExZeUvMBpPkC+WkVS1oHq3gfg7AO+3JuHQUmOvs=
2;sgterOEmNOeXhVFpPkDiLiuFDvQfqrHZqaP0p+xMbkQ=
3;aj2qU3TqyYqsOqMuvi+NmExCxBb+gMhioXHyjmyWAu8=
4;V+4YZlMotogtfwEs7yNpo/z4IQFjVoRXTX0cA9tIAxE=
5;nuSHDYETop7YT7gHp7TV7kyMgaz/fUa7JlBz9KfHl6A=
6;WQdWmFnmWs2KWyCpdDuLimxCSYuQsKOluiFtggqLCTY=
7;Uf0KCwWs/ynh90Acddw3cTUtCJiXBVlZI/RhDaa8eNM=
8;Igbjaq37GiIfTsc/P7bfPxMHJyf/5bEaura5x3V7T5A=
9;qht/QmusvpAfBIELo6YcHOtxlJQYCcHO5TJN8GK5NzY=
10;kdXfvOL91c/9zbbSpxkhN+/PtpGtHnfmJBdEma2c8Ak=
11;Fuwxbl3kAejLw3htHyI4FmBaBzwZxw028Ltb6Ml3u6E=
12;SHLspobxCp7fmSIL86zHnZgK/BS041KI+ZVclOC2d58=
13;J33AXFT+xa8YNXoP3oxOqoel6e10wGRl735r05BNDW4=
14;cBfrUwQQYHKpJvXdGObv7JQRcjXs98Go3TGj2IIkCI4=
15;RLRbAPH1ch1206p/n6e1rBm9NngH7VIvAovaKSkb6HY=
16;kLf2v1arnXaQV7nV1YU70sylKqDiRTuMxvb3JqHVOFQ=
17;G6ya5Shwfsb0jbQ7bmS42yMZzOtFFldKBJGCbKWtOCg=
18;F5HhhrXNu6WVBXQ2TAtaehuNB8DdZfdHWq5kSsSk5Nc=
19;sbGyVtG+Tgh2432PsWHnTrdia4yRggQnHf4myZz1BXk=
20;bCenuYgvSR6gKERJIeEM+FZSyrLgDeS3D2QTQFxju1Q=
21;/PeHRP4xCahLpychEQFfG9vJhTUmemvJza0udGMI2tM=
22;57xMTA8I/TwXICYY/D2yI+xW+qZD2A51qvt+9g/pDec=
23;OiqDepUPoHTPM6gXYVWcWACU31icgd1XtgeYRNIJmpQ=
24;zdfMyJHaTPnzT3TQpYIREkZwTuKSp9AjiHlGkBkufPQ=
25;cP/RN5RDFugUsyCYBIk1BNh/eXBT6nm5jHXUbJ4Qtw8=
26;Vi2j7oECeHyUAL1QbjGwINfaZDS9LOdb39bDyVThM5Y=
27;nAoZyDTVZZAUCT+f3MexWtVw+zW5dc/Sm37nn/OAKL0=
28;GNrchURENYeONA6rFktG/oXUWwowl8/eDyUvZutD4Os=
29;EW23mrK3HxMp/v9gvYsaKmfc4HgcsxSPc3rWJmQlocY=
30;PVzkZHNjwnSeQTk0Z18Q+jpNE59Gfh77GtXOcsDX4pY=
31;7qmlr/LbZFzFFE0VNvB6Fafcz1HHljF/wISjepgEGvc=
32;iidev1H9ycPQPxq84hRxrOCRfxBLh0DrjQZKHJdk9i8=
33;hMkvmMaTN/+ru/YLiynTZdiBqgZgx/ElLoycXRaz1F4=
34;+FeKLEUaHkGKaqgY5bZIYv76ccmO2/k58wqA4cUn0kQ=
35;dpesd47hBYiYqmUwPOBMjHCYAk4WIihE/GSk6Ipg118=
36;2pN7DcoVmk938jftBftNt2YkiNdbVe3rWE1VHC6KbUQ=
37;3RBFb/0K46Zs7aUFZVM//ixjvV4Dmlk6EJkV9NueiKQ=
38;kOnkeJDFSkuLfaZsMFwGO+EqX+GAnzmelATIpW8hKI0=
39;rfztd7stffjCOB0rIeBM9AzC1TQBiJ1eklIt61AOLcY=
40;dUhtW+gULuVOxiM6fkTCxp/kFiBxd0TdhmkefnJCSzQ=
41;NgiSocnXi0rr7e5La5F29kND52AnARr5EcaCY1mpkX0=
42;qnlX+LDeUAqGvNc7OjfsEtSbPCEmYN80vOw2iv5wfq4=
43;+2gVS8kL3eRZgAKrcsYzNWUkWyjO47TB0rQZcnmVOgo=
44;JkZHbQxeLIXpFshDzY26pBziiYKm9H4SgdyAtK+T6QU=
45;Ltj3LvdXsEtwzcClRqHLn8GiDBzc4KOm3Q2eWuYERK4=
46;Mn/HK18vgaVZ7izXzXJKGygEWEkVO4/LhuC4YUZ+TOU=
47;+uxsct0voI1XMuU1tAIgDOBRLJ1Ki8bn0Su3gH6LWgk=
48;ljUz4jxdHE1XI1zxe+wzWXpdZY4nzRBfeD7/irjOpjY=
49;777PkOjotBORnq8jWAMq4cONQ8X+67yqOxRavtpEreY=
50;BGiftrJGcslr6uARhX9dOND883XGqv0onQ/wXVdhrhQ=
51;wQSei4Xtph/T2MGsFXJfBMgHYe5cIoOT3ouxiwa85AI=
52;+569h4U+ncoV3JfUTI1By5rGkHfWiexMXHzhEBDYq60=
53;b4VQsrexcDDPQWkrNl6i7NSJLsOT1V3Ft9BbAP/LuSg=
54;fRUUZ6vELwWJ9MRaFdXPEktYrfnzPRhETaQqyFDRNCE=
55;30ALJ5aur0b/pxJfBqA4LqWqq9WWs/lEygePAnoIzAI=
56;FRjKWyz9j6xnoTnM7sMRIjvX6/vAU0pGtS0xGsJU+Cc=
57;NYEIXfjYzdEccWd2faHU6yGyZ5gmqrDKb067InHGjKY=
58;0KMzqiPfo8uwpBmEFZhsty59JNr809POgo6il3lu8IY=
59;nwx1I54y2Bl3FuEKNQ206kieAhpbzuZofUXPbdJHGu0=
60;W0//b0+nDFSxzRP0eBWQWImjI/MoD+Z8rQn+VhGaE8s=
61;UbFhQFbnimB3Eey0Xokqy9nIlTj+jwG2Z/Pi37cCZ1E=
62;YmpBooyhOe0HufMwzzYdZ4HO2AvbD6cxgI5Bv47z/ls=
63;YVUvjPlW2D/nd3USCxicytz1aswBVZlxe2Y96Q4iUH0=
64;k0Z+jy1e8KebL46bb8u0JSsD1kp+mIgqRD3Wy8muo6k=
65;i0QLX1pHxfEgxR/sfQmwaFl+dJskfLQqifxHScVi+3c=
